{
    "x": 1.548079490661621,
    "y": -0.653766393661499,
    "z": 0.0
}