{
    "x": 3.536768913269043,
    "y": 1.6683533191680909,
    "z": 0.0
}