{
    "x": 2.488837957382202,
    "y": -0.29651689529418948,
    "z": 0.0
}