{
    "x": 2.548379898071289,
    "y": 1.6921703815460206,
    "z": 0.0
}