{
    "x": 1.6671626567840577,
    "y": 1.1324796676635743,
    "z": 0.0
}