{
    "x": 1.6433472633361817,
    "y": 2.7162845134735109,
    "z": 0.0
}