{
    "x": 3.5010433197021486,
    "y": -0.2846088409423828,
    "z": 0.0
}