{
    "x": 3.608217239379883,
    "y": 2.7162845134735109,
    "z": 0.0
}