{
    "x": 4.465615272521973,
    "y": 1.7040786743164063,
    "z": 0.0
}