{
    "x": 5.358738422393799,
    "y": 1.7874362468719483,
    "z": 0.0
}