{
    "x": 1.6552555561065674,
    "y": 1.9779691696166993,
    "z": 0.0
}