{
    "x": 4.57279109954834,
    "y": 2.704376220703125,
    "z": 0.0
}