{
    "x": 1.6076215505599976,
    "y": 0.23935675621032716,
    "z": 0.0
}