{
    "x": 5.465914726257324,
    "y": 0.763322114944458,
    "z": 0.0
}