{
    "x": 3.417685031890869,
    "y": 0.6799641847610474,
    "z": 0.0
}