{
    "x": 4.4298906326293949,
    "y": 0.7395055294036865,
    "z": 0.0
}