{
    "x": 2.619828224182129,
    "y": 2.7162845134735109,
    "z": 0.0
}