{
    "x": 5.513546466827393,
    "y": 2.704376220703125,
    "z": 0.0
}