{
    "x": 2.4769287109375,
    "y": 0.6918723583221436,
    "z": 0.0
}